Month,Avg_Temperature_C,Residents,Past_Month_Consumption_kWh,Next_Month_Consumption_kWh
7,36.3,2,172.9,269.9
4,27.7,6,324.9,392.1
11,29.2,5,180.4,218.0
8,34.4,4,232.9,265.2
5,27.9,3,294.8,373.6
7,31.2,5,200.7,294.7
10,33.7,4,305.5,379.8
3,32.0,6,377.7,423.1
7,30.0,1,265.2,248.9
11,40.5,1,322.1,424.0
11,36.7,2,84.1,164.0
8,27.4,4,215.7,235.7
5,21.6,1,264.8,242.7
4,32.5,3,165.8,226.9
8,29.5,4,266.6,367.2
8,40.0,3,334.8,431.9
3,34.9,3,99.6,128.2
6,33.3,1,154.9,186.7
5,28.1,4,264.8,297.9
2,21.9,6,286.8,352.7
8,26.6,5,309.0,377.3
12,31.3,1,258.9,260.6
6,15.9,1,286.9,235.7
2,36.7,6,322.3,391.8
12,42.5,4,216.8,284.3
5,14.4,4,201.3,189.2
1,18.2,3,236.5,230.7
12,29.6,6,266.0,316.5
10,23.9,6,197.3,249.6
6,29.8,4,218.5,286.4
12,27.5,3,281.8,326.8
9,20.8,1,262.6,246.2
1,37.0,2,235.2,234.4
11,31.3,5,110.7,223.6
11,24.1,1,249.7,259.7
10,38.5,4,172.4,274.7
12,24.4,5,328.6,324.4
12,19.3,2,225.3,219.4
3,29.3,2,170.3,196.0
12,30.5,3,245.1,287.9
7,31.7,5,351.7,386.5
4,32.9,3,300.5,371.1
9,31.6,1,267.6,309.9
3,31.3,6,143.9,234.2
5,24.0,6,379.7,491.7
3,23.2,6,200.3,240.1
7,33.2,5,324.7,363.1
5,29.7,6,224.0,326.2
9,33.7,1,317.0,378.5
7,16.0,3,354.5,308.1
2,24.5,5,301.9,392.5
4,41.3,3,310.5,392.8
9,31.9,5,242.1,303.3
12,30.1,3,215.3,293.4
2,33.0,2,261.1,336.4
10,43.5,3,222.8,276.0
9,42.0,6,447.4,555.8
10,16.9,2,170.6,206.4
5,19.5,3,330.2,314.9
2,16.7,5,291.4,330.4
4,22.8,5,268.4,315.4
12,28.4,5,368.4,467.6
12,29.7,4,273.9,313.8
7,17.3,1,199.2,194.0
12,14.9,5,273.3,332.6
8,22.6,2,235.3,257.4
3,34.4,5,290.3,351.9
1,35.6,4,315.0,396.6
4,39.9,6,181.3,275.6
2,27.8,2,345.6,396.5
8,33.8,4,229.6,269.9
4,35.1,6,285.5,398.4
2,24.5,2,299.4,278.5
6,30.7,3,279.4,336.2
6,32.6,1,241.3,304.7
10,21.6,1,210.9,263.5
4,39.5,4,228.5,323.9
6,27.7,6,375.2,472.4
2,28.6,1,180.7,202.1
10,21.4,6,192.5,192.4
12,22.5,6,188.9,242.1
2,12.6,4,260.9,233.8
10,28.4,4,128.0,170.7
4,45.0,4,141.7,182.9
8,20.9,1,229.1,248.5
7,45.0,4,147.0,263.1
12,37.9,1,153.5,161.4
9,24.7,4,147.6,204.7
8,28.2,5,182.3,270.6
5,27.1,6,308.5,324.8
2,39.9,4,326.5,453.7
5,31.6,2,403.5,412.8
8,36.3,6,400.6,486.9
10,30.5,6,312.9,428.1
9,27.2,4,332.2,390.4
12,30.3,3,260.5,276.2
12,25.2,4,291.6,377.6
12,17.8,6,405.5,402.2
9,33.7,2,279.7,282.6
1,17.5,6,342.3,387.2
9,26.1,2,175.3,159.6
7,24.9,1,196.7,170.0
9,32.5,5,275.0,396.6
8,39.0,6,262.0,366.4
1,36.4,4,200.4,302.6
12,32.7,1,442.6,449.9
8,23.6,5,263.8,251.8
8,26.7,4,214.6,232.5
11,25.7,3,262.1,303.1
3,24.7,4,252.0,316.1
1,25.2,2,265.0,283.0
8,25.0,2,122.5,125.5
3,24.7,3,353.4,347.1
3,34.7,1,357.9,443.2
1,20.6,5,367.6,405.4
11,22.9,4,276.0,327.6
5,16.9,2,303.0,305.1
10,37.9,1,180.7,231.8
7,22.4,3,316.6,364.8
10,32.6,6,270.1,344.8
9,31.3,2,213.2,231.2
12,37.2,3,319.2,420.3
7,26.5,4,322.3,301.5
9,21.4,5,254.8,302.7
8,17.1,2,285.1,321.1
12,8.5,2,167.5,109.3
2,29.1,4,349.5,406.9
1,33.4,6,178.1,210.8
7,31.3,1,193.6,200.9
7,17.3,5,255.0,277.3
8,35.3,2,339.2,393.5
5,23.1,5,339.1,383.7
3,21.7,2,249.6,237.0
12,23.0,5,311.8,370.0
8,28.5,3,114.9,134.2
6,17.6,2,192.5,208.4
11,27.7,5,194.1,234.1
3,31.0,1,350.2,371.2
1,35.8,3,302.4,326.4
3,29.2,3,264.8,266.7
5,18.6,1,272.5,283.2
3,29.0,5,375.5,445.5
1,20.6,4,236.4,259.4
5,20.2,1,144.9,157.0
10,18.5,5,337.0,369.1
7,14.6,1,264.5,308.2
7,24.0,1,326.3,343.7
11,35.9,2,246.4,308.7
9,43.8,5,182.9,290.6
10,24.0,4,282.2,369.9
10,35.6,2,250.8,308.8
12,25.2,1,264.8,253.3
3,16.4,6,379.3,411.8
7,32.9,1,162.1,206.0
1,29.6,1,272.9,314.0
4,40.7,5,184.5,257.7
4,17.3,5,50.0,50.0
5,45.0,2,246.1,322.4
7,39.1,4,252.5,301.7
7,27.9,2,299.9,303.8
11,25.9,3,232.6,262.5
4,23.0,1,130.9,135.5
7,28.8,6,184.2,281.1
11,26.7,1,355.4,326.3
3,31.6,1,183.1,204.0
6,25.9,2,376.7,327.5
12,37.9,6,334.0,513.0
2,28.9,6,224.6,292.5
10,26.2,6,191.7,211.2
9,35.2,2,333.8,369.8
5,16.6,1,230.7,170.1
6,30.4,2,126.3,140.4
12,28.2,5,295.0,355.4
12,18.1,5,283.4,327.8
12,16.0,2,341.0,363.9
12,35.1,6,278.0,377.7
4,34.7,1,206.1,232.2
11,29.2,2,351.6,314.4
10,40.0,2,359.4,354.7
7,31.1,2,268.7,304.0
12,36.7,3,254.8,299.7
9,30.9,5,144.1,200.4
7,26.1,6,201.4,238.0
1,20.6,4,310.9,388.4
1,23.8,6,205.4,287.9
9,26.2,4,133.5,156.4
11,37.5,3,529.7,584.6
9,33.4,2,132.9,166.7
4,30.3,3,430.5,438.0
9,34.1,3,225.4,263.2
3,31.7,1,243.2,288.9
7,29.8,5,196.2,273.0
6,17.5,4,312.6,314.3
8,36.0,2,134.8,150.2
11,24.8,4,102.8,152.8
9,35.6,6,378.8,483.8
5,36.3,4,185.7,240.1
1,23.3,6,309.7,390.5
3,34.6,5,163.2,232.3
10,25.5,6,306.7,352.3
12,25.5,4,384.7,411.2
8,29.8,4,207.8,264.0
11,30.0,6,95.3,150.6
6,28.3,3,385.1,408.9
8,18.7,5,324.1,328.1
9,27.1,1,212.1,243.0
4,43.9,2,232.6,328.6
1,8.5,4,161.1,162.1
1,34.1,2,363.6,405.8
10,35.4,1,207.2,248.5
4,18.5,2,136.5,131.8
12,24.7,1,267.1,245.3
7,21.0,6,181.2,247.5
2,41.0,3,167.6,250.6
3,35.7,4,215.6,307.1
1,36.1,1,256.9,331.6
5,28.8,2,139.5,213.8
1,37.2,4,360.8,422.0
8,27.9,3,304.2,347.1
1,37.5,6,220.8,327.5
11,27.0,4,177.7,249.8
1,23.2,1,242.9,276.3
2,40.7,3,322.0,357.1
2,27.9,2,309.6,367.1
12,21.7,3,334.7,404.9
6,21.6,3,211.6,268.6
7,21.7,5,50.0,71.9
5,33.9,3,349.8,391.5
1,27.3,3,236.6,273.6
1,44.1,4,303.3,359.1
3,36.3,2,383.5,367.3
2,29.8,4,444.8,505.1
5,37.8,4,198.0,323.9
12,24.5,1,260.7,247.1
10,15.0,4,359.3,370.6
6,21.1,5,182.5,266.5
7,29.0,5,203.4,276.2
4,26.4,1,203.0,204.1
7,33.8,6,247.8,351.6
11,27.1,2,232.4,216.8
8,33.2,2,202.5,200.2
11,38.5,4,172.7,236.9
1,27.1,4,315.0,423.0
6,31.9,6,357.0,429.2
8,15.7,4,368.6,406.3
5,27.1,2,211.5,233.2
4,19.4,3,318.3,329.3
2,29.0,5,268.9,307.9
6,29.7,3,204.3,239.6
6,29.6,3,308.7,398.7
11,24.6,2,200.7,226.5
1,44.1,3,219.9,323.9
9,19.1,6,139.9,193.2
12,18.7,1,212.9,253.7
11,39.6,4,270.3,325.4
6,23.1,1,375.5,358.4
3,21.4,5,221.7,251.2
4,44.1,4,166.9,250.3
12,34.9,3,369.8,357.2
11,23.8,5,209.6,210.9
4,29.5,4,110.1,149.3
3,41.6,6,260.6,365.0
10,32.8,6,224.0,308.0
3,37.0,6,434.0,503.9
3,33.6,6,288.0,351.0
4,34.5,3,238.3,293.2
7,28.3,1,176.0,203.5
4,28.1,4,276.4,355.0
9,29.9,3,366.5,427.8
1,33.1,6,274.9,318.2
8,26.0,1,182.2,206.1
7,28.9,5,293.1,351.9
2,25.8,5,246.1,312.3
8,28.8,5,285.9,325.4
1,19.2,6,221.6,301.6
11,45.0,5,219.7,344.6
12,22.9,2,216.6,227.3
9,25.5,4,325.4,355.0
9,22.3,4,220.5,299.7
2,32.3,6,213.2,265.6
7,26.6,2,174.6,204.5
10,21.3,3,286.3,322.4
3,32.6,3,274.9,284.3
7,33.5,5,214.1,335.1
12,27.5,1,193.2,203.7
10,23.4,3,400.1,383.6
9,43.3,1,99.6,164.7
4,30.4,4,289.5,337.1
12,19.1,1,353.3,368.2
1,37.9,4,50.0,105.4
2,22.0,2,313.5,365.7
1,45.0,2,232.4,301.3
12,28.6,6,270.5,362.6
5,35.1,6,224.1,377.7
5,13.4,5,336.0,401.4
11,19.0,3,279.0,235.0
7,37.3,5,260.5,364.1
9,30.2,4,178.1,204.8
9,42.3,5,400.6,480.2
3,31.4,1,250.8,281.9
3,29.0,4,433.2,467.4
3,40.0,6,404.2,478.0
4,35.1,2,107.7,209.1
8,26.6,6,197.6,240.1
6,20.3,3,167.0,237.6
8,11.4,4,246.1,219.8
1,24.9,4,265.0,283.2
8,19.7,1,268.4,217.4
4,45.0,3,334.3,463.6
11,23.4,2,369.5,419.9
1,23.3,4,327.4,394.8
8,17.4,4,205.1,248.0
4,26.1,1,187.4,179.0
6,23.3,5,250.2,272.6
8,40.2,2,284.1,366.0
4,29.2,6,235.3,326.0
3,27.9,3,142.4,147.3
9,27.1,4,304.6,315.4
3,33.5,4,218.6,256.8
9,24.8,6,216.2,282.0
2,32.7,2,245.6,270.0
2,39.3,5,230.8,296.1
2,31.2,4,220.7,315.3
6,26.3,2,147.6,179.2
3,21.3,6,241.0,283.1
9,26.1,1,306.2,278.5
4,31.9,5,271.2,366.3
1,17.3,3,325.8,338.7
4,33.8,4,191.7,265.4
1,29.5,2,147.8,198.0
5,27.0,1,230.3,248.7
4,23.4,3,200.9,230.1
8,24.7,2,209.2,188.3
8,32.2,2,266.9,335.8
7,27.1,3,209.8,241.4
3,24.5,1,150.0,174.4
1,31.3,6,205.3,266.0
1,31.6,1,277.2,303.9
12,19.3,5,303.7,353.9
11,32.0,4,302.9,322.8
3,45.0,3,284.0,342.1
6,31.3,6,236.6,307.2
7,16.1,3,282.4,267.4
6,29.2,3,246.6,295.8
6,15.2,1,259.0,291.6
6,45.0,4,174.9,238.5
3,43.6,5,253.5,360.7
6,23.3,2,280.3,294.4
8,12.3,2,277.3,283.8
11,21.9,3,147.0,186.9
11,26.7,4,257.7,297.9
2,15.7,6,134.5,180.5
5,27.5,1,263.9,294.7
1,26.7,4,193.9,239.0
12,28.9,4,386.5,420.7
1,29.6,1,259.5,286.0
5,21.2,3,314.1,344.0
12,22.0,4,418.9,443.8
3,28.3,2,184.6,218.0
4,23.6,1,284.9,276.3
3,34.4,6,155.1,245.4
1,28.3,5,277.6,357.7
1,41.1,3,391.3,531.5
12,33.7,1,199.8,254.8
12,35.7,5,179.1,204.5
5,28.9,5,242.7,319.4
6,29.1,6,413.7,448.6
3,40.1,4,311.7,386.1
12,25.4,6,177.6,213.8
9,31.8,4,366.4,414.5
5,26.1,4,117.6,166.0
8,26.1,1,420.9,445.5
1,19.8,1,318.5,304.8
5,22.8,3,391.1,347.8
3,21.5,4,118.2,200.8
12,32.2,5,263.6,346.7
1,35.3,2,239.3,279.0
4,27.3,3,169.4,241.4
5,29.6,1,146.3,167.4
7,26.9,6,290.6,344.3
1,22.3,3,297.8,358.7
3,34.0,3,354.0,405.9
2,32.6,3,209.7,258.1
9,14.8,3,238.7,239.4
10,26.0,2,139.4,191.5
6,21.8,6,373.3,393.0
10,25.3,6,255.6,331.7
3,23.3,6,307.8,358.0
8,27.7,4,310.6,366.1
8,25.7,5,366.7,449.2
2,25.5,6,183.5,232.3
6,35.8,3,305.8,430.3
7,31.9,3,248.0,300.3
2,23.1,6,418.5,479.0
11,24.1,6,183.3,222.3
10,31.4,3,343.7,383.0
2,31.4,4,278.0,290.7
10,23.8,1,273.8,266.4
1,26.4,1,254.3,266.2
8,40.9,6,357.7,411.2
1,23.9,2,271.1,256.7
9,41.4,6,128.0,215.4
11,35.7,6,347.6,507.6
6,40.1,1,332.9,414.4
7,23.6,3,297.0,322.6
10,26.8,6,159.7,193.0
7,24.9,3,172.2,188.5
10,35.9,3,99.8,170.2
3,24.0,2,286.8,261.0
2,33.1,3,142.0,199.1
9,32.7,1,112.5,190.1
8,27.7,4,352.0,425.8
12,37.1,4,311.5,404.6
10,28.8,5,223.3,345.9
7,33.8,6,239.3,291.1
9,24.5,1,57.4,78.5
4,22.9,3,323.3,345.2
4,33.1,4,194.6,259.1
1,31.0,1,276.4,281.9
8,29.7,4,50.9,108.8
12,25.6,3,328.2,376.0
3,38.8,4,189.8,235.0
7,20.2,6,139.9,196.8
12,19.8,6,222.8,315.9
2,34.6,5,202.3,228.1
2,34.0,5,335.9,421.3
7,30.5,4,216.4,250.1
6,26.0,1,359.0,327.9
3,31.5,6,276.4,339.5
9,40.0,1,321.5,364.2
10,45.0,1,249.8,335.2
6,16.4,4,351.8,396.7
10,25.1,1,157.7,137.8
10,24.6,6,259.1,312.7
6,39.4,3,218.3,279.5
1,10.6,5,361.7,325.6
4,31.6,3,369.9,354.3
10,26.2,1,250.0,248.1
6,39.5,3,146.7,183.4
6,38.5,6,284.2,373.8
11,30.6,6,116.8,184.7
12,16.9,1,380.1,392.9
5,24.0,4,212.1,266.6
1,24.7,3,247.6,312.4
8,18.7,4,195.5,222.3
5,36.1,4,177.9,237.5
12,17.8,2,309.0,323.7
12,41.8,1,237.3,297.5
12,41.7,5,253.4,363.8
5,25.3,6,169.7,280.0
7,30.3,6,318.5,372.7
4,27.5,1,326.6,375.7
6,34.3,5,233.3,335.1
4,36.9,6,351.4,405.6
3,29.8,1,241.7,254.0
7,31.3,6,312.4,382.2
8,23.7,4,120.2,142.2
4,31.1,3,278.3,331.6
2,29.1,3,228.3,265.3
12,21.6,6,262.4,345.2
10,27.9,2,258.9,284.1
3,25.3,5,260.1,359.3
1,23.7,5,299.3,341.2
8,20.0,5,204.8,231.0
3,28.4,4,295.5,348.4
12,22.5,5,348.6,435.5
10,24.7,3,137.2,178.4
7,35.5,4,187.6,247.3
10,32.4,1,190.9,240.3
5,21.1,5,162.6,210.3
10,30.5,5,212.0,234.5
5,28.9,1,332.6,370.2
7,39.9,5,365.8,495.5
9,37.7,1,258.5,266.5
12,17.3,4,224.1,239.5
5,34.0,3,314.2,342.2
1,36.9,1,60.9,132.9
10,31.9,2,165.6,221.1
10,25.7,1,64.3,75.0
1,44.9,5,164.7,282.5
2,32.6,4,188.6,246.2
6,41.8,6,368.2,427.1
9,37.5,4,50.0,141.0
8,31.2,6,216.7,268.8
5,23.9,1,299.6,320.4
1,27.8,3,282.9,285.0
7,26.4,2,366.9,364.2
5,19.5,4,262.9,268.9
6,32.6,5,279.9,316.6
7,39.0,6,102.9,200.0
3,25.9,5,170.9,262.4
12,43.1,3,107.4,183.6
10,17.1,6,295.8,343.6
3,35.4,4,277.9,343.0
5,39.7,1,275.1,327.1
6,26.6,5,179.5,250.0
9,26.7,3,172.2,220.1
12,35.3,4,266.8,358.6
5,31.5,4,196.4,247.0
1,14.0,4,168.4,159.6
4,22.1,4,209.3,262.7
5,27.9,6,197.1,274.4
12,18.4,4,180.7,199.9
10,24.7,5,151.9,154.9
10,18.6,3,285.9,239.6
5,25.4,6,374.5,484.6
7,25.6,4,246.9,269.9
4,30.5,2,267.8,263.3
1,27.4,2,292.9,256.3
5,31.5,3,279.3,332.4
7,30.7,1,182.2,217.3
10,35.2,1,387.6,463.6
10,34.1,6,189.4,288.6
6,33.4,6,301.8,446.5
5,45.0,6,292.4,404.5
4,30.4,1,93.3,150.4
2,45.0,2,221.3,295.6
4,30.9,1,254.5,298.5
10,27.4,5,260.7,343.9
10,25.4,4,274.1,279.4
3,38.6,6,310.6,338.6
10,39.5,2,249.4,308.7
1,32.2,3,278.4,347.0
8,35.9,3,246.4,286.9
5,19.1,4,168.6,191.4
4,17.2,2,252.6,254.6
8,36.7,1,309.9,368.5
7,27.1,1,338.7,383.1
2,33.2,5,293.0,373.1
1,23.0,5,356.7,392.7
12,39.6,1,283.5,326.8
11,17.2,3,319.1,304.2
4,18.3,6,325.0,317.6
8,38.1,3,232.1,311.7
12,9.7,5,308.1,362.3
2,30.6,4,174.7,251.0
3,27.2,1,278.0,278.1
12,22.8,5,296.2,336.8
1,26.6,5,334.1,371.3
1,22.1,6,315.7,386.2
3,38.8,1,335.1,414.6
11,40.6,6,242.0,420.5
5,23.2,1,222.4,247.0
12,29.9,6,228.0,338.2
3,18.7,3,271.3,301.1
1,35.5,4,105.3,144.7
1,35.3,4,356.5,403.9
8,25.9,1,253.5,269.3
10,28.1,2,216.8,273.9
11,27.3,5,50.0,113.2
12,16.7,5,247.1,317.1
12,38.8,1,234.1,299.2
2,22.6,6,178.2,218.5
3,22.7,2,196.2,202.5
2,26.9,3,247.9,237.4
3,35.0,6,202.9,280.8
7,23.9,6,295.8,362.3
1,14.3,1,190.1,185.3
10,21.8,1,262.4,226.4
8,31.0,5,344.4,447.2
10,43.3,1,247.1,280.1
10,19.2,1,278.5,275.4
10,18.9,1,273.4,253.8
2,17.4,5,250.6,273.5
3,16.5,3,244.6,194.6
9,36.4,3,204.3,232.5
7,38.5,1,262.1,332.8
4,29.2,5,227.3,317.6
10,24.7,3,373.7,450.0
5,40.5,6,314.9,441.9
2,29.2,3,133.8,204.7
11,35.6,3,138.2,194.6
8,24.4,5,239.6,309.5
4,28.3,6,218.4,309.1
9,19.3,5,235.3,214.4
5,32.4,1,302.1,362.9
9,29.3,4,275.3,303.4
4,21.7,3,274.5,289.8
10,21.8,4,365.7,344.0
5,39.3,5,138.9,273.1
9,41.8,5,258.3,349.9
8,26.5,5,203.7,234.2
3,28.5,4,364.8,404.0
1,30.8,5,73.3,110.3
3,29.0,1,76.8,74.3
4,16.3,5,274.4,314.2
2,31.0,2,340.1,392.1
1,13.4,4,311.9,325.4
7,22.9,2,185.9,214.2
8,31.5,5,370.5,485.7
7,32.2,1,151.5,190.7
5,22.3,3,354.6,401.1
12,24.8,6,162.1,257.7
1,23.8,6,221.9,278.7
7,27.3,5,301.1,374.4
7,27.8,1,132.7,174.6
9,32.7,4,367.5,440.1
3,24.4,2,221.4,247.8
9,30.6,2,261.0,269.9
1,31.5,2,343.0,381.7
1,29.4,4,186.5,248.4
4,26.2,6,334.9,381.0
9,29.3,1,381.2,406.4
6,33.3,4,197.6,242.8
11,33.9,2,359.6,385.9
3,40.7,5,109.2,229.5
1,21.1,3,281.2,267.6
4,24.9,4,151.7,217.4
12,16.7,4,325.4,375.0
9,34.5,1,318.8,349.8
3,25.7,1,416.2,430.9
12,29.4,4,363.7,429.3
9,23.8,2,236.7,263.3
7,25.7,3,163.5,197.5
12,36.6,1,295.3,342.3
4,32.9,2,245.1,295.5
3,27.2,5,374.1,436.2
10,33.4,1,76.7,109.8
5,33.5,2,425.0,433.3
5,25.3,2,292.6,347.9
3,17.7,3,185.0,215.4
12,21.7,3,308.7,309.7
9,18.6,5,353.8,369.4
4,36.2,2,259.1,314.9
11,37.4,6,108.8,250.0
5,39.1,2,226.5,300.5
4,13.9,3,333.2,333.0
5,35.5,6,289.7,412.7
7,43.5,1,237.5,302.9
9,35.8,1,354.7,424.9
7,12.9,4,309.1,319.0
5,40.4,3,315.3,367.0
10,28.3,4,217.1,296.2
10,26.4,6,209.4,263.2
7,31.2,3,114.0,140.4
10,20.7,5,229.2,250.5
5,28.0,2,324.8,318.5
3,39.3,5,233.7,318.3
7,32.4,6,285.6,362.6
11,28.4,3,338.9,398.1
11,28.6,6,279.8,334.4
2,19.7,2,287.6,289.9
12,27.0,1,141.4,137.2
9,16.6,1,224.2,203.9
10,35.2,6,388.1,472.5
10,12.7,4,258.3,253.9
12,34.0,3,401.7,416.7
1,34.9,3,192.2,253.7
6,37.2,1,268.7,322.1
7,28.6,5,219.4,249.2
8,34.4,2,297.4,377.4
10,26.9,5,321.6,348.6
9,19.7,5,298.2,382.6
2,38.7,6,333.3,437.0
11,27.3,1,248.9,224.6
10,18.1,1,234.8,218.2
2,24.7,1,109.3,137.0
5,25.0,6,301.1,310.5
5,31.2,4,263.8,315.9
6,44.4,5,244.6,349.2
3,31.7,6,234.7,273.5
8,29.4,3,247.0,293.8
1,45.0,2,231.1,304.7
6,34.9,4,207.8,292.5
4,29.8,3,269.2,268.8
1,24.6,5,288.7,308.4
7,30.2,1,188.4,231.7
9,27.5,5,217.9,244.6
4,28.6,6,233.6,347.0
4,37.2,2,250.4,322.6
6,24.2,6,239.7,277.0
12,31.6,4,302.8,387.8
3,34.6,4,117.8,182.7
12,23.4,2,132.0,143.6
6,22.2,3,265.5,278.9
7,26.9,3,201.8,211.7
11,24.8,4,320.7,408.3
10,36.1,4,343.6,408.2
10,21.0,1,268.7,245.5
3,28.5,3,164.2,195.3
7,45.0,2,334.4,390.0
3,30.9,3,265.9,307.2
2,32.1,1,131.0,123.6
12,36.1,6,138.1,208.0
10,24.8,4,371.4,398.1
4,20.4,4,358.1,352.1
12,29.2,1,50.0,108.3
8,29.9,2,141.4,173.9
9,16.7,4,341.3,354.5
7,30.6,5,248.5,306.9
1,35.5,4,306.1,338.6
3,21.6,5,245.0,280.8
12,31.0,1,302.4,360.2
9,34.2,1,250.5,319.0
12,32.1,4,215.0,303.3
1,32.8,3,334.7,362.4
9,26.3,5,266.2,313.4
8,20.1,2,302.2,325.1
1,24.9,4,262.6,286.6
6,23.9,2,211.1,246.4
5,27.4,4,378.7,402.2
6,35.7,3,278.4,303.1
10,18.8,3,221.6,248.1
12,29.0,3,352.3,376.6
5,20.6,6,144.3,178.5
6,22.8,3,428.9,480.8
5,31.9,1,235.7,306.3
11,19.7,1,148.6,163.9
12,33.1,6,402.5,524.4
5,18.5,5,212.9,235.8
4,32.7,2,269.5,281.8
3,17.2,4,307.4,359.5
3,23.7,4,344.7,367.5
4,41.3,6,274.0,352.3
9,40.0,1,198.2,266.7
2,25.1,4,267.5,312.6
9,30.7,1,216.5,233.5
1,36.4,5,269.9,370.7
1,32.8,2,380.3,344.6
5,26.1,5,310.5,420.6
6,22.8,6,266.5,308.3
6,34.1,3,309.1,351.1
3,35.9,3,314.8,372.4
7,40.0,3,163.8,216.1
9,16.2,5,253.3,293.1
11,19.2,4,455.0,420.7
12,36.1,2,347.0,437.9
10,17.1,3,209.7,246.9
8,36.7,6,201.7,296.6
6,26.5,6,199.1,259.6
12,24.4,3,319.3,351.0
8,29.4,3,378.6,409.0
12,18.6,2,296.6,269.9
5,33.8,3,262.6,335.5
8,39.8,2,214.5,274.6
10,34.1,6,276.3,314.4
12,26.3,3,184.4,204.4
4,17.2,5,95.1,128.7
10,17.5,5,380.9,366.7
8,18.7,6,169.5,215.5
10,27.9,2,224.0,284.3
12,28.8,5,302.5,353.8
2,34.1,2,364.8,404.6
12,15.4,5,270.6,298.3
12,37.2,5,154.5,247.4
5,32.9,2,225.9,276.6
9,25.7,4,195.7,210.8
4,19.7,5,246.9,274.3
11,36.7,3,348.6,412.3
6,25.9,6,50.0,156.1
1,27.9,4,217.1,237.1
9,30.7,2,211.3,268.9
1,21.6,4,149.5,197.8
5,26.0,1,296.8,299.5
4,34.1,1,136.8,173.8
12,33.3,5,146.0,236.2
3,33.4,5,318.1,408.7
6,19.9,3,370.0,374.3
2,26.3,6,243.9,253.8
3,25.2,4,152.6,188.1
5,31.0,1,193.6,258.2
9,30.3,5,330.6,314.1
2,29.1,6,259.3,354.7
10,45.0,4,241.9,399.4
8,26.0,5,275.0,296.8
2,25.1,5,247.0,309.0
11,19.9,1,373.7,342.3
5,17.2,1,190.1,187.6
7,19.5,5,180.9,229.1
8,23.0,2,139.3,188.0
1,37.2,5,206.8,295.0
6,28.3,6,162.6,205.8
1,29.4,5,267.4,315.3
2,27.3,3,251.7,248.9
1,30.6,3,163.7,230.9
11,37.8,3,297.1,350.6
5,14.0,2,371.3,394.5
10,36.5,2,278.6,311.1
9,10.4,5,50.0,50.0
6,28.2,3,409.0,470.2
11,43.3,2,309.8,326.8
11,32.8,1,406.5,405.2
1,30.6,5,337.3,425.5
1,42.0,6,353.2,426.1
2,23.1,4,266.4,307.1
9,31.0,5,229.0,277.1
3,32.0,4,279.9,310.2
1,24.3,3,193.3,214.9
5,25.0,4,284.7,313.8
7,24.2,3,50.0,83.1
6,28.6,1,253.4,296.9
12,31.8,4,357.6,471.5
1,28.9,5,257.5,296.5
5,33.0,3,388.2,453.7
5,14.2,5,228.9,304.0
6,26.5,2,330.2,358.2
3,20.8,3,179.7,192.0
5,30.1,4,327.0,369.4
7,30.0,3,268.6,290.1
5,27.2,5,232.4,307.0
5,31.6,1,50.0,66.5
5,35.0,3,229.6,273.9
10,27.6,4,267.1,328.7
10,20.6,2,316.3,346.8
3,16.9,6,374.9,396.8
1,28.3,1,412.8,364.4
5,29.7,2,349.7,380.5
9,21.2,3,205.0,255.1
1,33.1,5,225.6,315.1
3,24.8,5,309.1,313.3
4,16.4,4,291.6,287.1
1,36.8,5,380.3,468.0
1,36.0,1,448.4,442.1
8,13.9,5,431.4,429.2
2,24.1,4,369.5,416.0
12,23.8,6,292.2,399.6
8,39.5,3,357.9,520.5
7,27.3,3,382.9,449.2
10,17.5,5,238.2,315.4
10,34.2,2,207.4,256.3
2,19.4,3,188.6,227.5
6,26.2,6,179.9,242.4
6,22.6,5,139.4,231.1
3,24.1,4,270.0,298.2
11,34.6,6,170.0,198.7
2,38.6,5,187.3,313.1
12,19.1,6,306.1,350.4
1,32.4,3,264.5,308.9
6,22.9,4,284.4,314.9
12,23.1,5,359.2,409.5
5,31.4,1,319.2,369.6
11,20.8,4,371.5,376.5
9,31.3,1,256.4,265.9
1,33.1,6,378.9,449.0
7,25.0,2,278.8,331.1
5,37.3,4,263.5,296.2
5,19.1,6,366.9,438.4
2,37.4,1,180.2,273.5
11,14.4,3,411.9,448.9
3,45.0,3,227.4,325.7
7,25.2,2,152.6,176.7
6,19.9,4,302.3,302.6
12,26.4,4,219.8,290.4
2,20.7,4,412.1,454.8
6,30.7,6,215.4,300.3
2,37.6,2,275.2,304.8
2,21.0,4,136.0,189.8
2,32.1,6,315.0,396.9
11,17.3,3,187.8,143.1
3,35.2,1,305.5,283.3
2,30.9,6,215.7,245.7
4,35.5,3,86.2,156.2
9,27.1,3,260.5,291.8
6,25.0,1,256.9,258.2
1,33.7,3,320.5,396.9
8,18.8,2,374.5,374.4
12,15.8,1,403.0,411.4
7,28.0,3,319.1,334.8
10,25.3,5,272.3,334.0
3,31.9,6,135.8,201.5
1,35.6,3,266.2,314.3
5,31.7,2,267.2,338.5
4,35.1,4,234.1,262.1
10,30.2,3,300.6,328.8
8,31.5,4,339.8,398.6
1,27.2,5,184.5,253.9
10,31.3,3,183.3,214.5
1,29.2,1,238.9,262.0
12,30.3,4,200.8,228.2
4,26.8,5,118.7,196.8
8,33.7,1,170.3,215.1
5,23.0,1,151.4,154.8
2,27.9,1,346.7,376.6
6,37.2,1,386.2,427.0
5,21.4,3,162.4,160.0
2,12.9,6,293.7,323.7
11,30.6,3,319.9,360.8
11,26.2,3,130.6,206.9
11,35.1,5,262.9,322.5
3,27.1,5,452.7,484.9
9,23.8,6,304.2,397.8
7,27.5,5,230.4,310.3
7,35.7,2,205.2,244.0
11,32.0,6,88.2,140.3
6,11.0,5,287.6,324.6
8,29.3,6,405.8,421.4
4,29.7,3,184.9,266.6
8,27.9,3,95.2,146.5
4,23.7,6,196.9,187.6
8,36.4,2,320.5,335.7
9,36.7,2,215.7,232.0
3,12.6,6,184.4,191.2
3,22.4,5,251.5,283.6
11,27.0,4,268.4,354.6
2,34.6,2,138.9,183.2
10,28.2,1,232.6,244.4
3,23.2,3,210.2,243.3
3,33.0,6,198.7,312.8
5,26.5,1,168.6,197.6
5,27.2,6,325.3,457.0
2,27.8,3,198.4,235.9
12,32.0,3,90.4,150.3
10,25.8,2,271.1,282.0
6,32.8,2,308.0,339.4
5,27.5,1,186.3,235.7
6,20.5,6,205.2,262.6
1,27.7,3,198.1,242.2
5,20.9,1,222.3,198.6
9,28.3,4,338.5,330.8
12,33.8,1,240.9,275.3
10,20.5,5,317.2,318.2
2,30.5,1,172.5,209.4
1,22.2,5,219.3,278.5
10,29.4,5,326.3,407.5
11,34.0,5,185.6,251.3
9,13.1,4,331.0,313.0
10,20.2,1,199.7,181.4
9,25.4,1,224.3,215.7
9,30.2,4,383.6,455.0
6,26.8,3,215.1,262.1
8,27.7,2,261.6,268.0
11,42.3,1,299.3,376.7
1,19.5,2,268.1,250.5
10,35.9,6,270.4,378.9
4,25.6,6,245.5,238.3
1,31.8,4,145.8,245.6
8,42.9,6,277.9,422.8
1,32.8,6,191.4,248.5
3,30.6,3,312.1,343.4
4,39.2,3,359.8,476.1
8,35.9,3,105.6,178.8
6,22.4,6,359.9,396.3
10,30.1,4,217.1,268.8
12,16.0,5,239.5,265.5
7,24.2,5,177.0,230.8
8,30.2,2,265.1,264.8
2,23.8,5,255.3,276.4
10,29.9,5,336.2,415.7
11,27.9,3,190.7,272.7
8,31.8,3,382.9,459.6
3,25.0,6,303.2,397.0
7,21.4,2,257.3,282.0
3,38.3,1,235.5,293.3
7,24.5,2,225.5,194.2
11,32.6,2,230.7,261.2
12,38.0,4,263.5,400.2
2,29.1,6,233.3,291.7
10,22.0,4,198.8,213.3
6,26.7,2,264.0,324.1
3,35.1,2,183.1,252.8
3,29.4,2,275.8,297.4
9,19.6,5,232.2,257.9
7,32.2,4,305.7,370.1
5,33.4,2,329.1,318.5
12,25.5,3,329.1,391.2
10,32.3,6,275.4,321.7
7,29.7,6,284.8,391.2
9,26.6,3,224.2,229.8
1,18.9,6,304.2,367.4
7,35.5,5,313.2,404.9
6,33.3,5,124.6,222.4
10,32.1,1,280.3,280.0
12,38.8,1,359.5,400.5
9,34.6,1,221.5,233.2
1,32.8,6,204.0,286.7
4,12.5,5,216.4,226.1
9,36.4,5,129.6,210.7
4,28.6,5,260.1,289.5
10,30.2,3,252.4,285.7
3,30.2,5,265.8,337.7
9,33.4,3,283.3,369.3
2,35.9,1,186.2,266.2
4,32.4,1,271.9,331.8
6,31.3,6,285.5,394.1
2,29.6,1,210.9,267.5
8,5.0,6,283.6,299.6
8,26.0,2,256.5,300.4
1,21.4,2,199.5,151.6
12,36.5,4,272.6,381.0
3,32.3,6,226.7,261.5
10,24.8,4,305.8,345.5
9,25.5,4,230.9,263.5
5,25.2,2,146.8,152.9
6,25.1,6,271.4,307.9
4,17.9,2,268.4,245.5
10,16.4,4,163.5,188.8
2,28.2,6,310.0,376.4
11,35.5,4,305.9,394.1
8,24.2,5,180.4,227.8
11,30.1,6,197.2,261.7
6,33.1,6,238.6,321.6
5,21.0,4,189.3,197.2
9,27.9,5,301.2,360.0
1,23.3,3,261.9,331.7
5,39.2,2,162.5,234.3
6,38.9,4,184.2,275.5
5,21.1,6,345.0,382.3
6,30.7,2,372.8,381.1
6,35.5,2,293.1,379.1
7,33.9,2,233.1,294.6
